action_id,user_id,activity_time,action_type
1,1,2021-01-01 00:39:00,like
2,1,2021-01-02 03:17:00,view_feed
3,2,2021-01-02 17:50:00,view_feed
4,1,2021-01-03 17:18:00,like
5,2,2021-01-03 19:30:00,click_ad
6,3,2021-01-03 01:06:00,share
7,4,2021-01-03 22:18:00,view_feed
8,5,2021-01-03 07:39:00,share
9,6,2021-01-03 05:47:00,like
10,7,2021-01-03 07:17:00,like
11,1,2021-01-04 20:05:00,comment
12,2,2021-01-04 09:13:00,click_ad
13,3,2021-01-04 01:01:00,share
14,4,2021-01-04 04:50:00,click_ad
15,5,2021-01-04 04:13:00,share
16,6,2021-01-04 11:44:00,share
17,7,2021-01-04 19:33:00,click_ad
18,8,2021-01-04 03:18:00,share
19,9,2021-01-04 17:21:00,share
20,10,2021-01-04 23:16:00,click_ad
21,11,2021-01-04 05:09:00,share
22,12,2021-01-04 01:16:00,like
23,1,2021-01-05 15:09:00,comment
24,2,2021-01-05 23:17:00,view_feed
25,3,2021-01-05 03:16:00,click_ad
26,4,2021-01-05 13:06:00,like
27,5,2021-01-05 14:06:00,like
28,6,2021-01-05 23:45:00,click_ad
29,7,2021-01-05 00:21:00,like
30,8,2021-01-05 13:08:00,share
31,9,2021-01-05 02:28:00,share
32,10,2021-01-05 02:43:00,like
33,11,2021-01-05 10:13:00,click_ad
34,12,2021-01-05 20:37:00,click_ad
35,1,2021-01-06 18:24:00,click_ad
36,2,2021-01-06 11:36:00,comment
37,3,2021-01-06 20:54:00,share
38,4,2021-01-06 19:24:00,like
39,5,2021-01-06 18:09:00,comment
40,6,2021-01-06 00:20:00,click_ad
41,7,2021-01-06 21:56:00,view_feed
42,8,2021-01-06 23:28:00,like
43,9,2021-01-06 13:58:00,comment
44,10,2021-01-06 12:05:00,view_feed
45,11,2021-01-06 16:41:00,share
46,12,2021-01-06 23:48:00,comment
47,1,2021-01-07 22:30:00,comment
48,2,2021-01-07 19:37:00,view_feed
49,3,2021-01-07 03:54:00,comment
50,4,2021-01-07 11:12:00,click_ad
51,5,2021-01-07 00:07:00,comment
52,6,2021-01-07 18:39:00,share
53,7,2021-01-07 06:25:00,comment
54,8,2021-01-07 07:50:00,comment
55,9,2021-01-07 23:01:00,share
56,10,2021-01-07 01:47:00,view_feed
57,11,2021-01-07 20:51:00,click_ad
58,12,2021-01-07 05:48:00,click_ad
59,1,2021-01-08 00:40:00,comment
60,2,2021-01-08 01:52:00,click_ad
61,3,2021-01-08 13:59:00,share
62,4,2021-01-08 02:00:00,click_ad
63,5,2021-01-08 03:46:00,share
64,6,2021-01-08 11:02:00,comment
65,7,2021-01-08 20:40:00,click_ad
66,8,2021-01-08 06:36:00,click_ad
67,9,2021-01-08 01:50:00,comment
68,10,2021-01-08 00:19:00,comment
69,11,2021-01-08 05:05:00,click_ad
70,12,2021-01-08 10:07:00,like
71,13,2021-01-08 01:15:00,share
72,14,2021-01-08 04:27:00,comment
73,1,2021-01-09 06:24:00,comment
74,2,2021-01-09 13:18:00,like
75,3,2021-01-09 13:36:00,comment
76,4,2021-01-09 20:11:00,view_feed
77,5,2021-01-09 14:23:00,comment
78,6,2021-01-09 04:54:00,comment
79,7,2021-01-09 11:10:00,like
80,8,2021-01-09 09:46:00,click_ad
81,9,2021-01-09 07:45:00,like
82,10,2021-01-09 08:05:00,comment
83,11,2021-01-09 21:25:00,click_ad
84,12,2021-01-09 17:02:00,share
85,13,2021-01-09 04:35:00,comment
86,14,2021-01-09 13:00:00,view_feed
87,15,2021-01-09 15:14:00,click_ad
88,1,2021-01-10 19:51:00,comment
89,2,2021-01-10 00:41:00,view_feed
90,3,2021-01-10 17:56:00,view_feed
91,4,2021-01-10 21:51:00,comment
92,5,2021-01-10 02:00:00,comment
93,6,2021-01-10 03:44:00,view_feed
94,7,2021-01-10 18:52:00,like
95,8,2021-01-10 02:48:00,comment
96,9,2021-01-10 10:00:00,comment
97,10,2021-01-10 03:05:00,comment
98,11,2021-01-10 16:45:00,like
99,12,2021-01-10 04:33:00,like
100,13,2021-01-10 10:32:00,comment
101,14,2021-01-10 14:45:00,share
102,15,2021-01-10 00:10:00,click_ad
103,16,2021-01-10 17:40:00,view_feed
104,17,2021-01-10 14:45:00,view_feed
105,18,2021-01-10 19:49:00,comment
106,19,2021-01-10 13:01:00,comment
107,1,2021-01-11 16:53:00,comment
108,2,2021-01-11 20:45:00,share
109,3,2021-01-11 04:21:00,comment
110,4,2021-01-11 20:33:00,view_feed
111,5,2021-01-11 22:48:00,like
112,6,2021-01-11 23:26:00,share
113,7,2021-01-11 13:59:00,view_feed
114,8,2021-01-11 17:59:00,click_ad
115,9,2021-01-11 01:03:00,click_ad
116,10,2021-01-11 20:50:00,share
117,11,2021-01-11 04:17:00,comment
118,12,2021-01-11 19:23:00,comment
119,13,2021-01-11 04:06:00,like
120,14,2021-01-11 04:06:00,comment
121,15,2021-01-11 11:25:00,like
122,16,2021-01-11 03:42:00,comment
123,17,2021-01-11 21:16:00,view_feed
124,18,2021-01-11 08:20:00,share
125,19,2021-01-11 16:51:00,comment
126,20,2021-01-11 15:56:00,share
127,1,2021-01-12 13:10:00,share
128,2,2021-01-12 19:07:00,comment
129,3,2021-01-12 05:46:00,like
130,4,2021-01-12 20:37:00,like
131,5,2021-01-12 14:06:00,view_feed
132,6,2021-01-12 12:51:00,click_ad
133,7,2021-01-12 15:25:00,share
134,8,2021-01-12 10:46:00,comment
135,9,2021-01-12 20:33:00,like
136,10,2021-01-12 03:05:00,view_feed
137,11,2021-01-12 17:53:00,view_feed
138,12,2021-01-12 05:12:00,comment
139,13,2021-01-12 17:38:00,like
140,14,2021-01-12 05:13:00,share
141,15,2021-01-12 09:40:00,comment
142,16,2021-01-12 02:43:00,view_feed
143,17,2021-01-12 17:27:00,comment
144,18,2021-01-12 19:33:00,view_feed
145,19,2021-01-12 14:47:00,share
146,20,2021-01-12 00:35:00,view_feed
147,21,2021-01-12 15:38:00,comment
148,22,2021-01-12 12:26:00,view_feed
149,1,2021-01-13 01:12:00,view_feed
150,2,2021-01-13 23:15:00,comment
151,3,2021-01-13 12:09:00,like
152,4,2021-01-13 02:12:00,comment
153,5,2021-01-13 00:25:00,comment
154,6,2021-01-13 15:08:00,view_feed
155,7,2021-01-13 21:40:00,click_ad
156,8,2021-01-13 11:34:00,share
157,9,2021-01-13 12:00:00,view_feed
158,10,2021-01-13 22:40:00,like
159,11,2021-01-13 23:47:00,view_feed
160,12,2021-01-13 07:44:00,like
161,13,2021-01-13 01:47:00,comment
162,14,2021-01-13 14:42:00,view_feed
163,15,2021-01-13 11:06:00,click_ad
164,16,2021-01-13 11:39:00,like
165,17,2021-01-13 06:30:00,like
166,18,2021-01-13 11:05:00,like
167,19,2021-01-13 07:34:00,share
168,20,2021-01-13 06:36:00,click_ad
169,21,2021-01-13 14:22:00,comment
170,22,2021-01-13 13:34:00,like
171,23,2021-01-13 22:12:00,click_ad
172,1,2021-01-14 15:12:00,view_feed
173,2,2021-01-14 04:23:00,share
174,3,2021-01-14 06:14:00,comment
175,4,2021-01-14 01:57:00,comment
176,5,2021-01-14 06:15:00,click_ad
177,6,2021-01-14 18:58:00,view_feed
178,7,2021-01-14 21:10:00,share
179,8,2021-01-14 10:38:00,like
180,9,2021-01-14 13:25:00,comment
181,10,2021-01-14 00:53:00,click_ad
182,11,2021-01-14 07:53:00,share
183,12,2021-01-14 06:51:00,view_feed
184,13,2021-01-14 01:06:00,share
185,14,2021-01-14 06:35:00,click_ad
186,15,2021-01-14 02:30:00,share
187,16,2021-01-14 04:42:00,like
188,17,2021-01-14 00:51:00,view_feed
189,18,2021-01-14 00:40:00,like
190,19,2021-01-14 05:32:00,like
191,20,2021-01-14 02:05:00,view_feed
192,21,2021-01-14 00:55:00,like
193,22,2021-01-14 19:54:00,share
194,23,2021-01-14 09:30:00,like
195,24,2021-01-14 22:50:00,click_ad
196,25,2021-01-14 11:27:00,comment
197,1,2021-01-15 20:36:00,comment
198,2,2021-01-15 15:44:00,view_feed
199,3,2021-01-15 07:44:00,view_feed
200,4,2021-01-15 14:51:00,like
201,5,2021-01-15 00:26:00,view_feed
202,6,2021-01-15 00:11:00,click_ad
203,7,2021-01-15 07:17:00,click_ad
204,8,2021-01-15 13:40:00,view_feed
205,9,2021-01-15 12:40:00,view_feed
206,10,2021-01-15 12:47:00,comment
207,11,2021-01-15 22:35:00,like
208,12,2021-01-15 03:11:00,like
209,13,2021-01-15 01:25:00,click_ad
210,14,2021-01-15 02:11:00,comment
211,15,2021-01-15 23:32:00,share
212,16,2021-01-15 16:54:00,view_feed
213,17,2021-01-15 20:40:00,view_feed
214,18,2021-01-15 21:03:00,like
215,19,2021-01-15 10:11:00,share
216,20,2021-01-15 01:56:00,share
217,21,2021-01-15 20:06:00,like
218,22,2021-01-15 04:24:00,view_feed
219,23,2021-01-15 21:26:00,view_feed
220,24,2021-01-15 09:46:00,like
221,25,2021-01-15 08:20:00,click_ad
222,26,2021-01-15 13:17:00,view_feed
223,27,2021-01-15 09:21:00,click_ad
224,28,2021-01-15 05:14:00,view_feed
225,1,2021-01-16 22:34:00,comment
226,2,2021-01-16 05:35:00,share
227,3,2021-01-16 06:14:00,like
228,4,2021-01-16 00:28:00,share
229,5,2021-01-16 06:29:00,comment
230,6,2021-01-16 06:19:00,share
231,7,2021-01-16 08:29:00,comment
232,8,2021-01-16 12:19:00,view_feed
233,9,2021-01-16 04:12:00,view_feed
234,10,2021-01-16 11:52:00,comment
235,11,2021-01-16 20:19:00,view_feed
236,12,2021-01-16 04:07:00,like
237,13,2021-01-16 09:09:00,click_ad
238,14,2021-01-16 06:21:00,click_ad
239,15,2021-01-16 20:16:00,share
240,16,2021-01-16 02:03:00,share
241,17,2021-01-16 00:57:00,view_feed
242,18,2021-01-16 08:03:00,like
243,19,2021-01-16 07:24:00,share
244,20,2021-01-16 13:37:00,view_feed
245,21,2021-01-16 04:14:00,comment
246,22,2021-01-16 21:51:00,share
247,23,2021-01-16 18:06:00,view_feed
248,24,2021-01-16 00:40:00,like
249,25,2021-01-16 06:06:00,share
250,26,2021-01-16 14:45:00,comment
251,27,2021-01-16 22:48:00,click_ad
252,28,2021-01-16 00:25:00,like
253,29,2021-01-16 01:31:00,view_feed
254,1,2021-01-17 23:33:00,share
255,2,2021-01-17 14:51:00,click_ad
256,3,2021-01-17 10:05:00,comment
257,4,2021-01-17 06:45:00,view_feed
258,5,2021-01-17 12:23:00,click_ad
259,6,2021-01-17 11:20:00,share
260,7,2021-01-17 21:28:00,comment
261,8,2021-01-17 09:58:00,comment
262,9,2021-01-17 17:07:00,share
263,10,2021-01-17 01:42:00,share
264,11,2021-01-17 02:31:00,like
265,12,2021-01-17 23:05:00,comment
266,13,2021-01-17 13:26:00,like
267,14,2021-01-17 18:59:00,share
268,15,2021-01-17 05:29:00,click_ad
269,16,2021-01-17 11:17:00,click_ad
270,17,2021-01-17 06:03:00,comment
271,18,2021-01-17 01:42:00,share
272,19,2021-01-17 23:51:00,comment
273,20,2021-01-17 17:50:00,share
274,21,2021-01-17 02:00:00,like
275,22,2021-01-17 15:47:00,view_feed
276,23,2021-01-17 08:39:00,like
277,24,2021-01-17 21:47:00,click_ad
278,25,2021-01-17 12:52:00,comment
279,26,2021-01-17 03:06:00,share
280,27,2021-01-17 15:41:00,comment
281,28,2021-01-17 09:39:00,comment
282,29,2021-01-17 01:07:00,like
283,30,2021-01-17 12:05:00,share
284,31,2021-01-17 01:29:00,comment
285,32,2021-01-17 18:39:00,view_feed
286,33,2021-01-17 03:51:00,view_feed
287,1,2021-01-18 22:45:00,view_feed
288,2,2021-01-18 02:50:00,like
289,3,2021-01-18 23:57:00,click_ad
290,4,2021-01-18 06:41:00,share
291,5,2021-01-18 01:09:00,comment
292,6,2021-01-18 23:26:00,like
293,7,2021-01-18 01:09:00,click_ad
294,8,2021-01-18 07:51:00,comment
295,9,2021-01-18 12:08:00,view_feed
296,10,2021-01-18 09:14:00,click_ad
297,11,2021-01-18 18:40:00,comment
298,12,2021-01-18 01:03:00,comment
299,13,2021-01-18 08:04:00,like
300,14,2021-01-18 02:24:00,comment
301,15,2021-01-18 16:45:00,share
302,16,2021-01-18 03:09:00,view_feed
303,17,2021-01-18 11:03:00,view_feed
304,18,2021-01-18 04:09:00,like
305,19,2021-01-18 04:30:00,view_feed
306,20,2021-01-18 23:14:00,like
307,21,2021-01-18 00:38:00,view_feed
308,22,2021-01-18 09:52:00,share
309,23,2021-01-18 12:44:00,view_feed
310,24,2021-01-18 04:39:00,share
311,25,2021-01-18 07:04:00,view_feed
312,26,2021-01-18 11:25:00,click_ad
313,27,2021-01-18 15:06:00,share
314,28,2021-01-18 22:04:00,share
315,29,2021-01-18 04:26:00,share
316,30,2021-01-18 17:08:00,view_feed
317,31,2021-01-18 08:22:00,share
318,32,2021-01-18 14:47:00,comment
319,33,2021-01-18 22:28:00,comment
320,1,2021-01-19 05:58:00,share
321,2,2021-01-19 03:42:00,comment
322,3,2021-01-19 16:26:00,view_feed
323,4,2021-01-19 17:40:00,share
324,5,2021-01-19 02:47:00,like
325,6,2021-01-19 09:56:00,share
326,7,2021-01-19 02:31:00,share
327,8,2021-01-19 20:05:00,like
328,9,2021-01-19 14:57:00,click_ad
329,10,2021-01-19 17:52:00,click_ad
330,11,2021-01-19 23:26:00,share
331,12,2021-01-19 09:56:00,comment
332,13,2021-01-19 18:49:00,comment
333,14,2021-01-19 19:30:00,like
334,15,2021-01-19 14:35:00,share
335,16,2021-01-19 21:10:00,share
336,17,2021-01-19 11:44:00,click_ad
337,18,2021-01-19 03:54:00,view_feed
338,19,2021-01-19 15:38:00,click_ad
339,20,2021-01-19 12:12:00,click_ad
340,21,2021-01-19 02:04:00,share
341,22,2021-01-19 19:11:00,like
342,23,2021-01-19 22:34:00,click_ad
343,24,2021-01-19 16:14:00,comment
344,25,2021-01-19 00:42:00,like
345,26,2021-01-19 21:40:00,comment
346,27,2021-01-19 16:24:00,like
347,28,2021-01-19 13:13:00,click_ad
348,29,2021-01-19 00:33:00,share
349,30,2021-01-19 19:10:00,share
350,31,2021-01-19 07:57:00,like
351,32,2021-01-19 03:00:00,click_ad
352,33,2021-01-19 14:15:00,share
353,1,2021-01-20 09:11:00,comment
354,2,2021-01-20 09:50:00,like
355,3,2021-01-20 10:56:00,share
356,4,2021-01-20 09:32:00,view_feed
357,5,2021-01-20 15:32:00,click_ad
358,6,2021-01-20 08:03:00,share
359,7,2021-01-20 04:28:00,click_ad
360,8,2021-01-20 07:02:00,comment
361,9,2021-01-20 14:38:00,share
362,10,2021-01-20 09:14:00,click_ad
363,11,2021-01-20 17:28:00,like
364,12,2021-01-20 06:18:00,share
365,13,2021-01-20 05:10:00,comment
366,14,2021-01-20 22:25:00,comment
367,15,2021-01-20 08:08:00,click_ad
368,16,2021-01-20 14:49:00,like
369,17,2021-01-20 05:52:00,like
370,18,2021-01-20 03:59:00,like
371,19,2021-01-20 00:54:00,comment
372,20,2021-01-20 00:00:00,comment
373,21,2021-01-20 02:10:00,click_ad
374,22,2021-01-20 08:33:00,share
375,23,2021-01-20 19:12:00,comment
376,24,2021-01-20 00:19:00,click_ad
377,25,2021-01-20 11:12:00,share
378,26,2021-01-20 20:18:00,view_feed
379,27,2021-01-20 07:48:00,comment
380,28,2021-01-20 05:28:00,view_feed
381,29,2021-01-20 06:43:00,like
382,30,2021-01-20 00:12:00,share
383,31,2021-01-20 20:47:00,view_feed
384,32,2021-01-20 07:24:00,like
385,33,2021-01-20 12:14:00,click_ad
386,34,2021-01-20 17:15:00,click_ad
387,35,2021-01-20 08:58:00,like
388,36,2021-01-20 09:34:00,view_feed
389,1,2021-01-21 01:00:00,click_ad
390,2,2021-01-21 19:22:00,comment
391,3,2021-01-21 02:14:00,comment
392,4,2021-01-21 04:26:00,like
393,5,2021-01-21 05:32:00,click_ad
394,6,2021-01-21 22:32:00,view_feed
395,7,2021-01-21 00:35:00,comment
396,8,2021-01-21 01:54:00,view_feed
397,9,2021-01-21 01:46:00,click_ad
398,10,2021-01-21 03:46:00,click_ad
399,11,2021-01-21 15:25:00,comment
400,12,2021-01-21 14:38:00,comment
401,13,2021-01-21 03:03:00,comment
402,14,2021-01-21 01:12:00,view_feed
403,15,2021-01-21 18:31:00,view_feed
404,16,2021-01-21 02:07:00,share
405,17,2021-01-21 20:00:00,click_ad
406,18,2021-01-21 15:59:00,click_ad
407,19,2021-01-21 23:09:00,like
408,20,2021-01-21 07:32:00,comment
409,21,2021-01-21 10:18:00,share
410,22,2021-01-21 13:41:00,click_ad
411,23,2021-01-21 08:29:00,share
412,24,2021-01-21 15:20:00,view_feed
413,25,2021-01-21 22:40:00,share
414,26,2021-01-21 06:17:00,comment
415,27,2021-01-21 14:00:00,click_ad
416,28,2021-01-21 08:18:00,comment
417,29,2021-01-21 05:31:00,comment
418,30,2021-01-21 01:30:00,share
419,31,2021-01-21 13:17:00,comment
420,32,2021-01-21 09:07:00,view_feed
421,33,2021-01-21 12:07:00,click_ad
422,34,2021-01-21 05:02:00,click_ad
423,35,2021-01-21 20:19:00,view_feed
424,36,2021-01-21 22:08:00,like
425,37,2021-01-21 04:02:00,like
426,1,2021-01-22 17:31:00,share
427,2,2021-01-22 14:13:00,click_ad
428,3,2021-01-22 23:19:00,like
429,4,2021-01-22 18:46:00,view_feed
430,5,2021-01-22 16:19:00,share
431,6,2021-01-22 03:09:00,like
432,7,2021-01-22 07:37:00,view_feed
433,8,2021-01-22 16:08:00,comment
434,9,2021-01-22 23:23:00,view_feed
435,10,2021-01-22 23:58:00,comment
436,11,2021-01-22 23:02:00,share
437,12,2021-01-22 11:15:00,comment
438,13,2021-01-22 01:10:00,click_ad
439,14,2021-01-22 05:25:00,share
440,15,2021-01-22 15:54:00,like
441,16,2021-01-22 03:27:00,share
442,17,2021-01-22 17:52:00,comment
443,18,2021-01-22 00:19:00,like
444,19,2021-01-22 15:56:00,comment
445,20,2021-01-22 09:15:00,view_feed
446,21,2021-01-22 23:38:00,share
447,22,2021-01-22 22:23:00,comment
448,23,2021-01-22 04:14:00,click_ad
449,24,2021-01-22 14:58:00,like
450,25,2021-01-22 16:00:00,view_feed
451,26,2021-01-22 22:47:00,click_ad
452,27,2021-01-22 15:01:00,comment
453,28,2021-01-22 23:11:00,click_ad
454,29,2021-01-22 08:22:00,like
455,30,2021-01-22 21:05:00,view_feed
456,31,2021-01-22 11:49:00,click_ad
457,32,2021-01-22 14:02:00,share
458,33,2021-01-22 19:05:00,comment
459,34,2021-01-22 17:44:00,view_feed
460,35,2021-01-22 22:43:00,like
461,36,2021-01-22 19:33:00,like
462,37,2021-01-22 18:32:00,view_feed
463,38,2021-01-22 20:00:00,click_ad
464,39,2021-01-22 12:02:00,comment
465,40,2021-01-22 08:40:00,view_feed
466,41,2021-01-22 11:59:00,click_ad
467,42,2021-01-22 07:33:00,comment
468,1,2021-01-23 18:34:00,view_feed
469,2,2021-01-23 16:04:00,comment
470,3,2021-01-23 18:24:00,click_ad
471,4,2021-01-23 13:17:00,comment
472,5,2021-01-23 06:15:00,share
473,6,2021-01-23 03:46:00,comment
474,7,2021-01-23 18:30:00,comment
475,8,2021-01-23 07:14:00,like
476,9,2021-01-23 09:13:00,comment
477,10,2021-01-23 02:07:00,click_ad
478,11,2021-01-23 05:40:00,comment
479,12,2021-01-23 20:06:00,comment
480,13,2021-01-23 17:25:00,comment
481,14,2021-01-23 00:50:00,like
482,15,2021-01-23 05:37:00,comment
483,16,2021-01-23 20:32:00,like
484,17,2021-01-23 01:44:00,like
485,18,2021-01-23 20:09:00,view_feed
486,19,2021-01-23 23:19:00,click_ad
487,20,2021-01-23 14:10:00,click_ad
488,21,2021-01-23 14:19:00,like
489,22,2021-01-23 20:39:00,comment
490,23,2021-01-23 06:44:00,comment
491,24,2021-01-23 17:24:00,like
492,25,2021-01-23 03:15:00,view_feed
493,26,2021-01-23 17:40:00,comment
494,27,2021-01-23 02:57:00,click_ad
495,28,2021-01-23 01:46:00,share
496,29,2021-01-23 03:40:00,share
497,30,2021-01-23 17:03:00,click_ad
498,31,2021-01-23 17:34:00,share
499,32,2021-01-23 11:36:00,click_ad
500,33,2021-01-23 11:19:00,view_feed
501,34,2021-01-23 15:49:00,like
502,35,2021-01-23 05:12:00,comment
503,36,2021-01-23 20:10:00,comment
504,37,2021-01-23 03:57:00,like
505,38,2021-01-23 16:51:00,share
506,39,2021-01-23 03:28:00,comment
507,40,2021-01-23 20:20:00,share
508,41,2021-01-23 10:04:00,share
509,42,2021-01-23 06:41:00,click_ad
510,1,2021-01-24 05:25:00,like
511,2,2021-01-24 23:02:00,share
512,3,2021-01-24 03:36:00,comment
513,4,2021-01-24 23:14:00,comment
514,5,2021-01-24 16:23:00,like
515,6,2021-01-24 00:49:00,comment
516,7,2021-01-24 16:48:00,comment
517,8,2021-01-24 14:46:00,view_feed
518,9,2021-01-24 17:21:00,comment
519,10,2021-01-24 23:04:00,like
520,11,2021-01-24 09:45:00,comment
521,12,2021-01-24 15:33:00,click_ad
522,13,2021-01-24 09:13:00,view_feed
523,14,2021-01-24 00:43:00,comment
524,15,2021-01-24 22:01:00,share
525,16,2021-01-24 20:51:00,like
526,17,2021-01-24 10:12:00,comment
527,18,2021-01-24 06:11:00,comment
528,19,2021-01-24 09:16:00,click_ad
529,20,2021-01-24 04:37:00,comment
530,21,2021-01-24 21:30:00,click_ad
531,22,2021-01-24 14:35:00,share
532,23,2021-01-24 20:59:00,view_feed
533,24,2021-01-24 04:35:00,share
534,25,2021-01-24 00:03:00,like
535,26,2021-01-24 08:08:00,like
536,27,2021-01-24 20:10:00,comment
537,28,2021-01-24 12:08:00,comment
538,29,2021-01-24 12:45:00,share
539,30,2021-01-24 15:20:00,view_feed
540,31,2021-01-24 12:25:00,share
541,32,2021-01-24 07:00:00,like
542,33,2021-01-24 02:31:00,like
543,34,2021-01-24 03:52:00,view_feed
544,35,2021-01-24 13:10:00,comment
545,36,2021-01-24 23:47:00,comment
546,37,2021-01-24 05:04:00,share
547,38,2021-01-24 23:43:00,click_ad
548,39,2021-01-24 12:04:00,share
549,40,2021-01-24 13:02:00,view_feed
550,41,2021-01-24 00:40:00,comment
551,42,2021-01-24 01:44:00,click_ad
552,43,2021-01-24 23:50:00,like
553,44,2021-01-24 18:12:00,share
554,1,2021-01-25 12:43:00,share
555,2,2021-01-25 12:25:00,like
556,3,2021-01-25 12:57:00,view_feed
557,4,2021-01-25 16:58:00,click_ad
558,5,2021-01-25 10:44:00,comment
559,6,2021-01-25 17:32:00,like
560,7,2021-01-25 20:30:00,view_feed
561,8,2021-01-25 01:13:00,comment
562,9,2021-01-25 20:21:00,click_ad
563,10,2021-01-25 08:22:00,like
564,11,2021-01-25 15:31:00,click_ad
565,12,2021-01-25 15:15:00,comment
566,13,2021-01-25 03:29:00,comment
567,14,2021-01-25 00:16:00,share
568,15,2021-01-25 02:59:00,comment
569,16,2021-01-25 19:08:00,click_ad
570,17,2021-01-25 03:08:00,view_feed
571,18,2021-01-25 07:53:00,comment
572,19,2021-01-25 16:34:00,share
573,20,2021-01-25 00:51:00,comment
574,21,2021-01-25 06:09:00,view_feed
575,22,2021-01-25 17:01:00,comment
576,23,2021-01-25 13:33:00,click_ad
577,24,2021-01-25 19:03:00,view_feed
578,25,2021-01-25 18:55:00,click_ad
579,26,2021-01-25 17:40:00,share
580,27,2021-01-25 10:27:00,share
581,28,2021-01-25 06:12:00,comment
582,29,2021-01-25 20:58:00,comment
583,30,2021-01-25 18:32:00,comment
584,31,2021-01-25 01:47:00,share
585,32,2021-01-25 03:49:00,share
586,33,2021-01-25 10:44:00,like
587,34,2021-01-25 09:28:00,share
588,35,2021-01-25 19:14:00,click_ad
589,36,2021-01-25 19:21:00,view_feed
590,37,2021-01-25 04:00:00,view_feed
591,38,2021-01-25 10:11:00,click_ad
592,39,2021-01-25 10:25:00,comment
593,40,2021-01-25 05:25:00,like
594,41,2021-01-25 09:50:00,comment
595,42,2021-01-25 17:27:00,view_feed
596,43,2021-01-25 06:17:00,share
597,44,2021-01-25 12:04:00,comment
598,45,2021-01-25 09:00:00,view_feed
599,46,2021-01-25 03:11:00,click_ad
600,47,2021-01-25 16:00:00,view_feed
601,48,2021-01-25 09:15:00,comment
602,49,2021-01-25 03:34:00,like
603,1,2021-01-26 11:12:00,click_ad
604,2,2021-01-26 16:00:00,share
605,3,2021-01-26 14:53:00,share
606,4,2021-01-26 04:10:00,comment
607,5,2021-01-26 06:14:00,click_ad
608,6,2021-01-26 00:25:00,click_ad
609,7,2021-01-26 10:46:00,comment
610,8,2021-01-26 20:10:00,like
611,9,2021-01-26 07:06:00,view_feed
612,10,2021-01-26 02:11:00,comment
613,11,2021-01-26 02:08:00,click_ad
614,12,2021-01-26 07:14:00,share
615,13,2021-01-26 00:45:00,share
616,14,2021-01-26 19:51:00,view_feed
617,15,2021-01-26 01:13:00,view_feed
618,16,2021-01-26 05:11:00,comment
619,17,2021-01-26 20:10:00,share
620,18,2021-01-26 18:45:00,like
621,19,2021-01-26 03:25:00,share
622,20,2021-01-26 07:46:00,like
623,21,2021-01-26 08:05:00,click_ad
624,22,2021-01-26 00:32:00,view_feed
625,23,2021-01-26 08:30:00,click_ad
626,24,2021-01-26 23:19:00,view_feed
627,25,2021-01-26 11:08:00,like
628,26,2021-01-26 11:32:00,click_ad
629,27,2021-01-26 04:46:00,click_ad
630,28,2021-01-26 00:45:00,like
631,29,2021-01-26 02:08:00,comment
632,30,2021-01-26 06:33:00,share
633,31,2021-01-26 01:05:00,share
634,32,2021-01-26 12:38:00,like
635,33,2021-01-26 03:18:00,view_feed
636,34,2021-01-26 04:29:00,click_ad
637,35,2021-01-26 08:38:00,view_feed
638,36,2021-01-26 19:09:00,click_ad
639,37,2021-01-26 06:13:00,share
640,38,2021-01-26 05:49:00,click_ad
641,39,2021-01-26 14:19:00,comment
642,40,2021-01-26 21:38:00,like
643,41,2021-01-26 11:22:00,view_feed
644,42,2021-01-26 22:53:00,share
645,43,2021-01-26 04:48:00,click_ad
646,44,2021-01-26 09:08:00,view_feed
647,45,2021-01-26 08:40:00,share
648,46,2021-01-26 13:13:00,like
649,47,2021-01-26 00:52:00,view_feed
650,48,2021-01-26 02:10:00,view_feed
651,49,2021-01-26 10:07:00,comment
652,50,2021-01-26 08:58:00,click_ad
653,51,2021-01-26 16:17:00,like
654,1,2021-01-27 15:35:00,click_ad
655,2,2021-01-27 11:28:00,view_feed
656,3,2021-01-27 00:07:00,like
657,4,2021-01-27 14:48:00,like
658,5,2021-01-27 18:30:00,click_ad
659,6,2021-01-27 13:16:00,comment
660,7,2021-01-27 03:25:00,share
661,8,2021-01-27 17:33:00,comment
662,9,2021-01-27 23:01:00,comment
663,10,2021-01-27 21:07:00,click_ad
664,11,2021-01-27 00:56:00,click_ad
665,12,2021-01-27 14:03:00,view_feed
666,13,2021-01-27 07:40:00,view_feed
667,14,2021-01-27 11:01:00,click_ad
668,15,2021-01-27 23:50:00,view_feed
669,16,2021-01-27 13:10:00,share
670,17,2021-01-27 05:36:00,share
671,18,2021-01-27 09:04:00,like
672,19,2021-01-27 15:49:00,click_ad
673,20,2021-01-27 04:56:00,like
674,21,2021-01-27 05:12:00,comment
675,22,2021-01-27 05:14:00,like
676,23,2021-01-27 04:44:00,like
677,24,2021-01-27 01:37:00,share
678,25,2021-01-27 20:03:00,view_feed
679,26,2021-01-27 22:11:00,share
680,27,2021-01-27 17:48:00,like
681,28,2021-01-27 03:15:00,like
682,29,2021-01-27 08:08:00,like
683,30,2021-01-27 14:16:00,like
684,31,2021-01-27 13:46:00,like
685,32,2021-01-27 04:12:00,click_ad
686,33,2021-01-27 16:56:00,like
687,34,2021-01-27 15:03:00,view_feed
688,35,2021-01-27 12:27:00,like
689,36,2021-01-27 19:17:00,like
690,37,2021-01-27 18:30:00,like
691,38,2021-01-27 08:08:00,like
692,39,2021-01-27 14:36:00,like
693,40,2021-01-27 09:46:00,share
694,41,2021-01-27 05:42:00,click_ad
695,42,2021-01-27 01:30:00,comment
696,43,2021-01-27 04:10:00,share
697,44,2021-01-27 15:21:00,click_ad
698,45,2021-01-27 16:54:00,click_ad
699,46,2021-01-27 14:07:00,comment
700,47,2021-01-27 07:44:00,share
701,48,2021-01-27 10:15:00,click_ad
702,49,2021-01-27 06:16:00,share
703,50,2021-01-27 19:30:00,view_feed
704,51,2021-01-27 06:08:00,click_ad
705,52,2021-01-27 17:18:00,view_feed
706,53,2021-01-27 08:48:00,comment
707,54,2021-01-27 13:55:00,comment
708,1,2021-01-28 10:36:00,comment
709,2,2021-01-28 17:40:00,like
710,3,2021-01-28 12:47:00,share
711,4,2021-01-28 18:08:00,view_feed
712,5,2021-01-28 17:39:00,comment
713,6,2021-01-28 11:25:00,view_feed
714,7,2021-01-28 22:09:00,view_feed
715,8,2021-01-28 00:30:00,comment
716,9,2021-01-28 15:51:00,click_ad
717,10,2021-01-28 02:40:00,click_ad
718,11,2021-01-28 17:09:00,share
719,12,2021-01-28 13:43:00,view_feed
720,13,2021-01-28 15:03:00,view_feed
721,14,2021-01-28 20:14:00,share
722,15,2021-01-28 07:51:00,comment
723,16,2021-01-28 07:01:00,view_feed
724,17,2021-01-28 08:41:00,share
725,18,2021-01-28 11:43:00,like
726,19,2021-01-28 05:49:00,click_ad
727,20,2021-01-28 14:33:00,like
728,21,2021-01-28 17:01:00,share
729,22,2021-01-28 10:14:00,comment
730,23,2021-01-28 21:38:00,comment
731,24,2021-01-28 16:10:00,share
732,25,2021-01-28 02:48:00,share
733,26,2021-01-28 17:54:00,like
734,27,2021-01-28 02:14:00,like
735,28,2021-01-28 17:22:00,view_feed
736,29,2021-01-28 12:27:00,like
737,30,2021-01-28 03:32:00,comment
738,31,2021-01-28 18:35:00,like
739,32,2021-01-28 09:07:00,like
740,33,2021-01-28 09:23:00,share
741,34,2021-01-28 01:35:00,view_feed
742,35,2021-01-28 15:30:00,comment
743,36,2021-01-28 21:44:00,like
744,37,2021-01-28 09:13:00,like
745,38,2021-01-28 15:18:00,share
746,39,2021-01-28 19:42:00,click_ad
747,40,2021-01-28 23:17:00,comment
748,41,2021-01-28 11:49:00,like
749,42,2021-01-28 00:37:00,comment
750,43,2021-01-28 04:40:00,share
751,44,2021-01-28 13:06:00,like
752,45,2021-01-28 17:00:00,view_feed
753,46,2021-01-28 22:23:00,share
754,47,2021-01-28 07:16:00,share
755,48,2021-01-28 08:44:00,like
756,49,2021-01-28 17:55:00,like
757,50,2021-01-28 17:46:00,click_ad
758,51,2021-01-28 04:21:00,click_ad
759,52,2021-01-28 19:30:00,click_ad
760,53,2021-01-28 11:19:00,comment
761,54,2021-01-28 11:20:00,view_feed
762,55,2021-01-28 09:53:00,view_feed
763,56,2021-01-28 10:35:00,share
764,57,2021-01-28 20:38:00,view_feed
765,1,2021-01-29 16:51:00,view_feed
766,2,2021-01-29 12:02:00,share
767,3,2021-01-29 14:52:00,click_ad
768,4,2021-01-29 23:11:00,comment
769,5,2021-01-29 22:16:00,click_ad
770,6,2021-01-29 22:14:00,click_ad
771,7,2021-01-29 04:12:00,view_feed
772,8,2021-01-29 17:08:00,view_feed
773,9,2021-01-29 10:56:00,click_ad
774,10,2021-01-29 01:19:00,share
775,11,2021-01-29 17:56:00,comment
776,12,2021-01-29 01:50:00,click_ad
777,13,2021-01-29 22:58:00,click_ad
778,14,2021-01-29 09:50:00,view_feed
779,15,2021-01-29 19:16:00,like
780,16,2021-01-29 08:31:00,comment
781,17,2021-01-29 15:39:00,share
782,18,2021-01-29 18:31:00,click_ad
783,19,2021-01-29 04:26:00,click_ad
784,20,2021-01-29 13:09:00,comment
785,21,2021-01-29 10:58:00,click_ad
786,22,2021-01-29 06:04:00,comment
787,23,2021-01-29 01:36:00,view_feed
788,24,2021-01-29 21:40:00,share
789,25,2021-01-29 03:17:00,share
790,26,2021-01-29 05:28:00,view_feed
791,27,2021-01-29 07:49:00,click_ad
792,28,2021-01-29 06:37:00,comment
793,29,2021-01-29 08:40:00,click_ad
794,30,2021-01-29 23:35:00,like
795,31,2021-01-29 10:12:00,like
796,32,2021-01-29 13:08:00,like
797,33,2021-01-29 19:27:00,share
798,34,2021-01-29 14:20:00,view_feed
799,35,2021-01-29 13:12:00,share
800,36,2021-01-29 20:44:00,click_ad
801,37,2021-01-29 06:48:00,like
802,38,2021-01-29 22:58:00,comment
803,39,2021-01-29 11:16:00,click_ad
804,40,2021-01-29 01:16:00,view_feed
805,41,2021-01-29 22:51:00,click_ad
806,42,2021-01-29 09:23:00,click_ad
807,43,2021-01-29 23:46:00,share
808,44,2021-01-29 05:12:00,click_ad
809,45,2021-01-29 02:12:00,click_ad
810,46,2021-01-29 12:31:00,share
811,47,2021-01-29 09:15:00,comment
812,48,2021-01-29 21:54:00,view_feed
813,49,2021-01-29 20:17:00,share
814,50,2021-01-29 14:04:00,share
815,51,2021-01-29 20:00:00,view_feed
816,52,2021-01-29 13:19:00,comment
817,53,2021-01-29 05:55:00,share
818,54,2021-01-29 06:22:00,like
819,55,2021-01-29 20:58:00,click_ad
820,56,2021-01-29 00:04:00,like
821,57,2021-01-29 06:18:00,like
822,58,2021-01-29 23:24:00,click_ad
823,59,2021-01-29 09:56:00,share
824,1,2021-01-30 11:36:00,comment
825,2,2021-01-30 08:23:00,view_feed
826,3,2021-01-30 00:19:00,view_feed
827,4,2021-01-30 03:28:00,share
828,5,2021-01-30 22:26:00,share
829,6,2021-01-30 11:08:00,view_feed
830,7,2021-01-30 00:14:00,comment
831,8,2021-01-30 18:38:00,comment
832,9,2021-01-30 21:56:00,view_feed
833,10,2021-01-30 03:20:00,like
834,11,2021-01-30 19:36:00,like
835,12,2021-01-30 12:18:00,comment
836,13,2021-01-30 01:35:00,comment
837,14,2021-01-30 03:01:00,click_ad
838,15,2021-01-30 12:52:00,share
839,16,2021-01-30 04:18:00,view_feed
840,17,2021-01-30 21:13:00,view_feed
841,18,2021-01-30 10:44:00,comment
842,19,2021-01-30 13:23:00,click_ad
843,20,2021-01-30 21:31:00,click_ad
844,21,2021-01-30 14:50:00,comment
845,22,2021-01-30 20:52:00,share
846,23,2021-01-30 13:32:00,comment
847,24,2021-01-30 02:36:00,like
848,25,2021-01-30 23:09:00,click_ad
849,26,2021-01-30 17:55:00,share
850,27,2021-01-30 06:11:00,share
851,28,2021-01-30 06:04:00,view_feed
852,29,2021-01-30 20:10:00,click_ad
853,30,2021-01-30 17:10:00,click_ad
854,31,2021-01-30 17:33:00,like
855,32,2021-01-30 16:00:00,comment
856,33,2021-01-30 03:26:00,click_ad
857,34,2021-01-30 19:13:00,share
858,35,2021-01-30 13:47:00,click_ad
859,36,2021-01-30 14:00:00,click_ad
860,37,2021-01-30 13:14:00,like
861,38,2021-01-30 18:22:00,share
862,39,2021-01-30 23:31:00,comment
863,40,2021-01-30 17:17:00,click_ad
864,41,2021-01-30 07:07:00,click_ad
865,42,2021-01-30 15:45:00,comment
866,43,2021-01-30 07:24:00,like
867,44,2021-01-30 15:50:00,view_feed
868,45,2021-01-30 08:58:00,view_feed
869,46,2021-01-30 20:54:00,share
870,47,2021-01-30 05:09:00,like
871,48,2021-01-30 17:15:00,view_feed
872,49,2021-01-30 09:32:00,share
873,50,2021-01-30 14:49:00,click_ad
874,51,2021-01-30 04:56:00,click_ad
875,52,2021-01-30 16:21:00,like
876,53,2021-01-30 15:40:00,click_ad
877,54,2021-01-30 07:33:00,view_feed
878,55,2021-01-30 09:37:00,share
879,56,2021-01-30 05:15:00,comment
880,57,2021-01-30 20:00:00,like
881,58,2021-01-30 02:24:00,comment
882,59,2021-01-30 22:26:00,share
883,60,2021-01-30 20:28:00,view_feed
884,61,2021-01-30 19:15:00,comment
885,1,2021-01-31 04:38:00,click_ad
886,2,2021-01-31 13:08:00,comment
887,3,2021-01-31 17:08:00,click_ad
888,4,2021-01-31 21:11:00,like
889,5,2021-01-31 18:53:00,comment
890,6,2021-01-31 07:08:00,like
891,7,2021-01-31 22:55:00,share
892,8,2021-01-31 03:57:00,view_feed
893,9,2021-01-31 10:57:00,like
894,10,2021-01-31 06:57:00,comment
895,11,2021-01-31 23:31:00,click_ad
896,12,2021-01-31 02:18:00,click_ad
897,13,2021-01-31 03:54:00,click_ad
898,14,2021-01-31 01:11:00,view_feed
899,15,2021-01-31 11:44:00,comment
900,16,2021-01-31 00:21:00,click_ad
901,17,2021-01-31 04:31:00,click_ad
902,18,2021-01-31 19:04:00,comment
903,19,2021-01-31 00:16:00,view_feed
904,20,2021-01-31 23:35:00,share
905,21,2021-01-31 22:37:00,view_feed
906,22,2021-01-31 11:25:00,like
907,23,2021-01-31 16:01:00,comment
908,24,2021-01-31 00:01:00,comment
909,25,2021-01-31 11:23:00,like
910,26,2021-01-31 11:58:00,like
911,27,2021-01-31 13:20:00,comment
912,28,2021-01-31 12:59:00,view_feed
913,29,2021-01-31 12:31:00,click_ad
914,30,2021-01-31 05:26:00,click_ad
915,31,2021-01-31 17:32:00,like
916,32,2021-01-31 07:18:00,comment
917,33,2021-01-31 16:59:00,view_feed
918,34,2021-01-31 18:27:00,click_ad
919,35,2021-01-31 13:15:00,view_feed
920,36,2021-01-31 18:20:00,share
921,37,2021-01-31 15:23:00,comment
922,38,2021-01-31 01:41:00,like
923,39,2021-01-31 14:59:00,share
924,40,2021-01-31 21:51:00,comment
925,41,2021-01-31 23:31:00,click_ad
926,42,2021-01-31 18:07:00,like
927,43,2021-01-31 07:39:00,view_feed
928,44,2021-01-31 00:30:00,comment
929,45,2021-01-31 13:10:00,click_ad
930,46,2021-01-31 12:36:00,view_feed
931,47,2021-01-31 03:03:00,comment
932,48,2021-01-31 00:26:00,click_ad
933,49,2021-01-31 06:59:00,comment
934,50,2021-01-31 16:44:00,share
935,51,2021-01-31 15:24:00,share
936,52,2021-01-31 06:56:00,view_feed
937,53,2021-01-31 13:04:00,click_ad
938,54,2021-01-31 17:44:00,share
939,55,2021-01-31 08:41:00,view_feed
940,56,2021-01-31 11:54:00,like
941,57,2021-01-31 15:26:00,share
942,58,2021-01-31 01:44:00,comment
943,59,2021-01-31 02:20:00,view_feed
944,60,2021-01-31 00:25:00,view_feed
945,61,2021-01-31 05:55:00,comment
946,62,2021-01-31 04:03:00,share
947,63,2021-01-31 01:20:00,share
948,64,2021-01-31 19:38:00,like
949,65,2021-01-31 08:52:00,view_feed
950,66,2021-01-31 22:11:00,view_feed
951,1,2021-02-01 09:32:00,click_ad
952,2,2021-02-01 10:05:00,comment
953,3,2021-02-01 10:52:00,share
954,4,2021-02-01 22:36:00,comment
955,5,2021-02-01 12:02:00,comment
956,6,2021-02-01 13:49:00,view_feed
957,7,2021-02-01 15:15:00,share
958,8,2021-02-01 14:05:00,view_feed
959,9,2021-02-01 16:34:00,like
960,10,2021-02-01 20:16:00,like
961,11,2021-02-01 00:54:00,comment
962,12,2021-02-01 03:11:00,comment
963,13,2021-02-01 22:15:00,like
964,14,2021-02-01 04:00:00,share
965,15,2021-02-01 20:07:00,click_ad
966,16,2021-02-01 08:43:00,view_feed
967,17,2021-02-01 14:58:00,like
968,18,2021-02-01 15:48:00,view_feed
969,19,2021-02-01 09:41:00,comment
970,20,2021-02-01 22:11:00,view_feed
971,21,2021-02-01 09:53:00,view_feed
972,22,2021-02-01 05:02:00,click_ad
973,23,2021-02-01 05:04:00,view_feed
974,24,2021-02-01 23:08:00,click_ad
975,25,2021-02-01 07:45:00,comment
976,26,2021-02-01 16:26:00,like
977,27,2021-02-01 21:54:00,comment
978,28,2021-02-01 10:57:00,share
979,29,2021-02-01 21:49:00,share
980,30,2021-02-01 23:20:00,comment
981,31,2021-02-01 06:40:00,share
982,32,2021-02-01 05:59:00,click_ad
983,33,2021-02-01 22:20:00,comment
984,34,2021-02-01 02:45:00,like
985,35,2021-02-01 10:46:00,like
986,36,2021-02-01 03:47:00,view_feed
987,37,2021-02-01 23:07:00,share
988,38,2021-02-01 18:52:00,share
989,39,2021-02-01 22:12:00,share
990,40,2021-02-01 12:23:00,comment
991,41,2021-02-01 00:47:00,click_ad
992,42,2021-02-01 01:02:00,comment
993,43,2021-02-01 06:32:00,share
994,44,2021-02-01 10:11:00,share
995,45,2021-02-01 16:18:00,view_feed
996,46,2021-02-01 17:47:00,share
997,47,2021-02-01 23:01:00,comment
998,48,2021-02-01 06:39:00,view_feed
999,49,2021-02-01 01:39:00,view_feed
1000,50,2021-02-01 11:35:00,comment
